code_departement,nom_departement,annee,trimestre,emploi_total,emploi_salarie,emploi_non_salarie,taux_chomage,nombre_entreprises,creation_entreprises,densite_entreprises,variation_emploi_total,variation_taux_chomage,variation_entreprises,performance_emploi,region,taux_emploi_salarie,emploi_par_entreprise
01,Ain,2019,4,126100,107185,18915,9.8,12362,1236,123.63,,,,,Auvergne-Rhône-Alpes,85.0,10.2
01,Ain,2020,4,124864,106134,18729,7.0,12362,1236,123.63,-0.9801744647105481,-2.8000002,0.0,Négative,Auvergne-Rhône-Alpes,85.0,10.1
01,Ain,2021,4,114974,97727,17246,8.3,12362,1236,123.63,-7.920617631983595,1.3000002,0.0,Fortement négative,Auvergne-Rhône-Alpes,85.0,9.3
01,Ain,2022,4,124864,106134,18729,8.8,12362,1236,123.63,8.60194478751717,0.5,0.0,Forte positive,Auvergne-Rhône-Alpes,85.0,10.1
01,Ain,2023,4,117446,99829,17616,12.1,12362,1236,123.63,-5.94086365966171,3.3000002,0.0,Fortement négative,Auvergne-Rhône-Alpes,85.0,9.5
02,Aisne,2019,4,72227,61393,10834,6.2,7766,776,77.66,,,,,Autre,85.0,9.3
02,Aisne,2020,4,76887,65354,11533,7.1,7766,776,77.66,6.451880875572846,0.9000001,0.0,Forte positive,Autre,85.0,9.9
02,Aisne,2021,4,73780,62713,11067,10.6,7766,776,77.66,-4.040995226761346,3.5000005,0.0,Négative,Autre,85.0,9.5
02,Aisne,2022,4,75334,64033,11300,11.7,7766,776,77.66,2.1062618595825366,1.0999994,0.0,Positive,Autre,85.0,9.7
02,Aisne,2023,4,84653,71955,12698,12.9,7766,776,77.66,12.370244511110528,1.1999998,0.0,Forte positive,Autre,85.0,10.9
03,Allier,2019,4,97660,83011,14649,10.2,9481,948,94.82,,,,,Auvergne-Rhône-Alpes,85.0,10.3
03,Allier,2020,4,91971,78175,13795,10.2,9481,948,94.82,-5.825312308007369,0.0,0.0,Fortement négative,Auvergne-Rhône-Alpes,85.0,9.7
03,Allier,2021,4,88178,74952,13226,6.2,9481,948,94.82,-4.12412608322189,-4.0,0.0,Négative,Auvergne-Rhône-Alpes,85.0,9.3
03,Allier,2022,4,86282,73340,12942,6.6,9481,948,94.82,-2.150196194062015,0.4000001,0.0,Négative,Auvergne-Rhône-Alpes,85.0,9.1
03,Allier,2023,4,92919,78981,13937,8.8,9481,948,94.82,7.692218539208651,2.2000003,0.0,Forte positive,Auvergne-Rhône-Alpes,85.0,9.8
04,Alpes-de-Haute-Provence,2019,4,84128,71508,12619,10.7,8497,849,84.98,,,,,Autre,85.0,9.9
04,Alpes-de-Haute-Provence,2020,4,79879,67897,11981,9.0,8497,849,84.98,-5.050637124381896,-1.6999998,0.0,Fortement négative,Autre,85.0,9.4
04,Alpes-de-Haute-Provence,2021,4,93475,79454,14021,9.1,8497,849,84.98,17.0207438751111,0.10000038,0.0,Forte positive,Autre,85.0,11.0
04,Alpes-de-Haute-Provence,2022,4,84978,72231,12746,7.5,8497,849,84.98,-9.090131051083173,-1.6000004,0.0,Fortement négative,Autre,85.0,10.0
04,Alpes-de-Haute-Provence,2023,4,79879,67897,11981,6.3,8497,849,84.98,-6.000376568052912,-1.1999998,0.0,Fortement négative,Autre,85.0,9.4
05,Hautes-Alpes,2019,4,57704,49048,8655,6.5,5343,534,53.43,,,,,Autre,85.0,10.8
05,Hautes-Alpes,2020,4,48087,40873,7213,12.5,5343,534,53.43,-16.66608900596146,6.0,0.0,Fortement négative,Autre,85.0,9.0
05,Hautes-Alpes,2021,4,53430,45415,8014,9.9,5343,534,53.43,11.111111111111116,-2.6000004,0.0,Forte positive,Autre,85.0,10.0
05,Hautes-Alpes,2022,4,52361,44507,7854,9.1,5343,534,53.43,-2.0007486430844046,-0.79999924,0.0,Négative,Autre,85.0,9.8
05,Hautes-Alpes,2023,4,50224,42690,7533,10.2,5343,534,53.43,-4.0812818700941556,1.0999994,0.0,Négative,Autre,85.0,9.4
06,Alpes-Maritimes,2019,4,139888,118905,20983,7.4,13322,1332,133.23,,,,,Autre,85.0,10.5
06,Alpes-Maritimes,2020,4,137223,116640,20583,6.3,13322,1332,133.23,-1.905095504975407,-1.0999999,0.0,Négative,Autre,85.0,10.3
06,Alpes-Maritimes,2021,4,145217,123434,21782,10.2,13322,1332,133.23,5.825554025199864,3.8999996,0.0,Forte positive,Autre,85.0,10.9
06,Alpes-Maritimes,2022,4,126565,107580,18984,9.1,13322,1332,133.23,-12.8442262269569,-1.0999994,0.0,Fortement négative,Autre,85.0,9.5
06,Alpes-Maritimes,2023,4,135891,115507,20383,11.3,13322,1332,133.23,7.368545806502591,2.1999998,0.0,Forte positive,Autre,85.0,10.2
07,Ardèche,2019,4,56531,48051,8479,11.8,5597,559,55.97,,,,,Auvergne-Rhône-Alpes,85.0,10.1
07,Ardèche,2020,4,52053,44245,7808,7.1,5597,559,55.97,-7.921317507208436,-4.7000003,0.0,Fortement négative,Auvergne-Rhône-Alpes,85.0,9.3
07,Ardèche,2021,4,59330,50430,8899,5.7,5597,559,55.97,13.979981941482711,-1.4000001,0.0,Forte positive,Auvergne-Rhône-Alpes,85.0,10.6
07,Ardèche,2022,4,55412,47100,8311,8.0,5597,559,55.97,-6.603741783246253,2.3000002,0.0,Fortement négative,Auvergne-Rhône-Alpes,85.0,9.9
07,Ardèche,2023,4,55972,47576,8395,9.3,5597,559,55.97,1.0106114199090355,1.3000002,0.0,Positive,Auvergne-Rhône-Alpes,85.0,10.0
08,Ardennes,2019,4,83418,70905,12512,5.6,8969,896,89.7,,,,,Autre,85.0,9.3
08,Ardennes,2020,4,85212,72430,12781,11.8,8969,896,89.7,2.1506149751852055,6.2000003,0.0,Positive,Autre,85.0,9.5
08,Ardennes,2021,4,89697,76242,13454,8.4,8969,896,89.7,5.263343191099845,-3.4000006,0.0,Forte positive,Autre,85.0,10.0
08,Ardennes,2022,4,86109,73192,12916,8.3,8969,896,89.7,-4.00013378373859,-0.09999943,0.0,Négative,Autre,85.0,9.6
08,Ardennes,2023,4,89697,76242,13454,12.0,8969,896,89.7,4.16681183151586,3.6999998,0.0,Positive,Autre,85.0,10.0
09,Ariège,2019,4,133860,113781,20079,9.7,14550,1455,145.5,,,,,Autre,85.0,9.2
09,Ariège,2020,4,149865,127385,22479,8.1,14550,1455,145.5,11.956521739130444,-1.5999994,0.0,Forte positive,Autre,85.0,10.3
09,Ariège,2021,4,158595,134805,23789,11.4,14550,1455,145.5,5.825242718446599,3.2999992,0.0,Forte positive,Autre,85.0,10.9
09,Ariège,2022,4,155685,132332,23352,10.9,14550,1455,145.5,-1.834862385321101,-0.5,0.0,Négative,Autre,85.0,10.7
09,Ariège,2023,4,138225,117491,20733,12.7,14550,1455,145.5,-11.214953271028039,1.8000002,0.0,Fortement négative,Autre,85.0,9.5
10,Aube,2019,4,79968,67973,11995,12.0,8787,878,87.88,,,,,Autre,85.0,9.1
10,Aube,2020,4,96665,82165,14499,11.5,8787,878,87.88,20.879601840736296,-0.5,0.0,Forte positive,Autre,85.0,11.0
10,Aube,2021,4,91393,77684,13708,10.0,8787,878,87.88,-5.453887135985102,-1.5,0.0,Fortement négative,Autre,85.0,10.4
10,Aube,2022,4,94029,79925,14104,10.6,8787,878,87.88,2.8842471524077373,0.6000004,0.0,Positive,Autre,85.0,10.7
10,Aube,2023,4,89635,76190,13445,6.8,8787,878,87.88,-4.67302640674685,-3.8000002,0.0,Négative,Autre,85.0,10.2
11,Aude,2019,4,51277,43586,7691,9.4,5077,507,50.77,,,,,Autre,85.0,10.1
11,Aude,2020,4,51785,44017,7767,12.5,5077,507,50.77,0.9906975837119969,3.1000004,0.0,Positive,Autre,85.0,10.2
11,Aude,2021,4,48739,41428,7310,8.0,5077,507,50.77,-5.882012165685047,-4.5,0.0,Fortement négative,Autre,85.0,9.6
11,Aude,2022,4,55847,47469,8377,12.7,5077,507,50.77,14.58380352489792,4.7,0.0,Forte positive,Autre,85.0,11.0
11,Aude,2023,4,53816,45743,8072,9.6,5077,507,50.77,-3.6367217576593225,-3.0999994,0.0,Négative,Autre,85.0,10.6
12,Aveyron,2019,4,63762,54197,9564,10.4,6641,664,66.42,,,,,Autre,85.0,9.6
12,Aveyron,2020,4,61769,52504,9265,5.3,6641,664,66.42,-3.125686145353035,-5.0999994,0.0,Négative,Autre,85.0,9.3
12,Aveyron,2021,4,59777,50810,8966,11.0,6641,664,66.42,-3.224918648513009,5.7,0.0,Négative,Autre,85.0,9.0
12,Aveyron,2022,4,63098,53633,9464,11.8,6641,664,66.42,5.555648493567755,0.8000002,0.0,Forte positive,Autre,85.0,9.5
12,Aveyron,2023,4,67083,57020,10062,6.4,6641,664,66.42,6.315572601350272,-5.4,0.0,Forte positive,Autre,85.0,10.1
13,Bouches-du-Rhône,2019,4,88899,75564,13334,7.9,8081,808,80.82,,,,,Autre,85.0,11.0
13,Bouches-du-Rhône,2020,4,79201,67321,11880,13.0,8081,808,80.82,-10.90900910021485,5.1,0.0,Fortement négative,Autre,85.0,9.8
13,Bouches-du-Rhône,2021,4,75968,64573,11395,6.6,8081,808,80.82,-4.082019166424667,-6.4,0.0,Négative,Autre,85.0,9.4
13,Bouches-du-Rhône,2022,4,72736,61825,10910,5.3,8081,808,80.82,-4.254422914911538,-1.2999997,0.0,Négative,Autre,85.0,9.0
13,Bouches-du-Rhône,2023,4,86475,73503,12971,6.7,8081,808,80.82,18.888858336999558,1.3999996,0.0,Forte positive,Autre,85.0,10.7
14,Calvados,2019,4,144845,123119,21726,7.6,13537,1353,135.37,,,,,Autre,85.0,10.7
14,Calvados,2020,4,139431,118516,20914,11.1,13537,1353,135.37,-3.7377886706479346,3.5000005,0.0,Négative,Autre,85.0,10.3
14,Calvados,2021,4,143492,121968,21523,11.7,13537,1353,135.37,2.912551728094903,0.5999994,0.0,Positive,Autre,85.0,10.6
14,Calvados,2022,4,123186,104708,18478,7.8,13537,1353,135.37,-14.151311571376802,-3.8999996,0.0,Fortement négative,Autre,85.0,9.1
14,Calvados,2023,4,135370,115064,20305,12.3,13537,1353,135.37,9.890734336694095,4.5,0.0,Forte positive,Autre,85.0,10.0
15,Cantal,2019,4,102643,87246,15396,6.3,11279,1127,112.8,,,,,Auvergne-Rhône-Alpes,85.0,9.1
15,Cantal,2020,4,110539,93958,16580,6.1,11279,1127,112.8,7.692682404060669,-0.20000029,0.0,Forte positive,Auvergne-Rhône-Alpes,85.0,9.8
15,Cantal,2021,4,112795,95875,16919,6.0,11279,1127,112.8,2.0409086385800412,-0.099999905,0.0,Positive,Auvergne-Rhône-Alpes,85.0,10.0
15,Cantal,2022,4,109411,92999,16411,10.2,11279,1127,112.8,-3.000132984618109,4.2,0.0,Négative,Auvergne-Rhône-Alpes,85.0,9.7
15,Cantal,2023,4,122946,104504,18441,12.6,11279,1127,112.8,12.370785387209704,2.4000006,0.0,Forte positive,Auvergne-Rhône-Alpes,85.0,10.9
16,Charente,2019,4,119750,101787,17962,7.1,13305,1330,133.06,,,,,Autre,85.0,9.0
16,Charente,2020,4,134386,114228,20157,12.7,13305,1330,133.06,12.22212943632568,5.6,0.0,Forte positive,Autre,85.0,10.1
16,Charente,2021,4,127733,108573,19160,6.8,13305,1330,133.06,-4.950664503742952,-5.8999996,0.0,Négative,Autre,85.0,9.6
16,Charente,2022,4,139708,118752,20956,8.3,13305,1330,133.06,9.37502446509515,1.5,0.0,Forte positive,Autre,85.0,10.5
16,Charente,2023,4,134386,114228,20157,11.5,13305,1330,133.06,-3.8093738368597307,3.1999998,0.0,Négative,Autre,85.0,10.1
17,Charente-Maritime,2019,4,107213,91131,16082,12.1,10615,1061,106.15,,,,,Autre,85.0,10.1
17,Charente-Maritime,2020,4,99782,84815,14967,12.0,10615,1061,106.15,-6.931062464439952,-0.10000038,0.0,Fortement négative,Autre,85.0,9.4
17,Charente-Maritime,2021,4,102967,87522,15445,10.8,10615,1061,106.15,3.1919584694634295,-1.1999998,0.0,Positive,Autre,85.0,9.7
17,Charente-Maritime,2022,4,101905,86620,15285,9.5,10615,1061,106.15,-1.031398409199069,-1.3000002,0.0,Négative,Autre,85.0,9.6
17,Charente-Maritime,2023,4,110398,93838,16559,9.1,10615,1061,106.15,8.334232863941903,-0.39999962,0.0,Forte positive,Autre,85.0,10.4
18,Cher,2019,4,64423,54760,9663,9.1,6194,619,61.95,,,,,Autre,85.0,10.4
18,Cher,2020,4,67521,57392,10128,12.6,6194,619,61.95,4.808841562795907,3.5,0.0,Positive,Autre,85.0,10.9
18,Cher,2021,4,66282,56339,9942,10.3,6194,619,61.95,-1.8349846714355578,-2.3000002,0.0,Négative,Autre,85.0,10.7
18,Cher,2022,4,66282,56339,9942,9.4,6194,619,61.95,0.0,-0.9000006,0.0,Négative,Autre,85.0,10.7
18,Cher,2023,4,56990,48441,8548,6.7,6194,619,61.95,-14.018888989469236,-2.6999998,0.0,Fortement négative,Autre,85.0,9.2
19,Corrèze,2019,4,73083,62121,10962,11.0,8120,812,81.2,,,,,Autre,85.0,9.0
19,Corrèze,2020,4,82828,70403,12424,9.2,8120,812,81.2,13.334154317693582,-1.8000002,0.0,Forte positive,Autre,85.0,10.2
19,Corrèze,2021,4,83640,71094,12546,8.4,8120,812,81.2,0.9803448109334978,-0.8000002,0.0,Positive,Autre,85.0,10.3
19,Corrèze,2022,4,73895,62811,11084,5.7,8120,812,81.2,-11.651123864179812,-2.6999998,0.0,Fortement négative,Autre,85.0,9.1
19,Corrèze,2023,4,85264,72474,12789,11.6,8120,812,81.2,15.385344069287509,5.9000006,0.0,Forte positive,Autre,85.0,10.5
21,Côte-d'Or,2019,4,115828,98454,17374,8.5,12192,1219,121.92,,,,,Autre,85.0,9.5
21,Côte-d'Or,2020,4,130459,110890,19568,5.8,12192,1219,121.92,12.631660738336148,-2.6999998,0.0,Forte positive,Autre,85.0,10.7
21,Côte-d'Or,2021,4,113390,96381,17008,5.6,12192,1219,121.92,-13.083804107037455,-0.20000029,0.0,Fortement négative,Autre,85.0,9.3
21,Côte-d'Or,2022,4,109732,93272,16459,12.8,12192,1219,121.92,-3.226034041802628,7.2000003,0.0,Négative,Autre,85.0,9.0
21,Côte-d'Or,2023,4,129240,109854,19386,5.4,12192,1219,121.92,17.777858783217294,-7.4,0.0,Forte positive,Autre,85.0,10.6
22,Côtes-d'Armor,2019,4,108336,92085,16250,5.6,10621,1062,106.21,,,,,Autre,85.0,10.2
22,Côtes-d'Armor,2020,4,109398,92988,16409,9.9,10621,1062,106.21,0.9802835622507722,4.2999997,0.0,Positive,Autre,85.0,10.3
22,Côtes-d'Armor,2021,4,100901,85766,15135,5.5,10621,1062,106.21,-7.767052414120911,-4.3999996,0.0,Fortement négative,Autre,85.0,9.5
22,Côtes-d'Armor,2022,4,108336,92085,16250,10.4,10621,1062,106.21,7.368608834402046,4.8999996,0.0,Forte positive,Autre,85.0,10.2
22,Côtes-d'Armor,2023,4,111522,94794,16728,6.5,10621,1062,106.21,2.9408506867523165,-3.8999996,0.0,Positive,Autre,85.0,10.5
23,Creuse,2019,4,131844,112067,19776,9.0,13592,1359,135.92,,,,,Autre,85.0,9.7
23,Creuse,2020,4,123689,105135,18553,12.6,13592,1359,135.92,-6.185340250599191,3.6000004,0.0,Fortement négative,Autre,85.0,9.1
23,Creuse,2021,4,137281,116689,20592,8.2,13592,1359,135.92,10.988851070022388,-4.4000006,0.0,Forte positive,Autre,85.0,10.1
23,Creuse,2022,4,123689,105135,18553,6.9,13592,1359,135.92,-9.900860279281186,-1.2999997,0.0,Fortement négative,Autre,85.0,9.1
23,Creuse,2023,4,130485,110912,19572,11.0,13592,1359,135.92,5.494425535011205,4.1,0.0,Forte positive,Autre,85.0,9.6
24,Dordogne,2019,4,137802,117131,20670,6.4,14978,1497,149.78,,,,,Autre,85.0,9.2
24,Dordogne,2020,4,161767,137502,24265,7.1,14978,1497,149.78,17.390894181506788,0.6999998,0.0,Forte positive,Autre,85.0,10.8
24,Dordogne,2021,4,155776,132409,23366,10.6,14978,1497,149.78,-3.7034747507217136,3.5000005,0.0,Négative,Autre,85.0,10.4
24,Dordogne,2022,4,164763,140048,24714,13.0,14978,1497,149.78,5.769181388660649,2.3999996,0.0,Forte positive,Autre,85.0,11.0
24,Dordogne,2023,4,151282,128590,22692,6.4,14978,1497,149.78,-8.18205543720374,-6.6,0.0,Fortement négative,Autre,85.0,10.1
25,Doubs,2019,4,124640,105944,18696,5.7,12101,1210,121.01,,,,,Autre,85.0,10.3
25,Doubs,2020,4,123430,104915,18514,6.5,12101,1210,121.01,-0.9707958921694515,0.8000002,0.0,Négative,Autre,85.0,10.2
25,Doubs,2021,4,122220,103887,18333,10.9,12101,1210,121.01,-0.9803127278619428,4.3999996,0.0,Négative,Autre,85.0,10.1
25,Doubs,2022,4,131900,112115,19785,5.4,12101,1210,121.01,7.9201440026182235,-5.4999995,0.0,Forte positive,Autre,85.0,10.9
25,Doubs,2023,4,119799,101829,17969,7.1,12101,1210,121.01,-9.174374526156182,1.6999998,0.0,Fortement négative,Autre,85.0,9.9
26,Drôme,2019,4,95058,80799,14258,9.9,9505,950,95.06,,,,,Auvergne-Rhône-Alpes,85.0,10.0
26,Drôme,2020,4,101712,86455,15256,10.6,9505,950,95.06,6.999936880641289,0.70000076,0.0,Forte positive,Auvergne-Rhône-Alpes,85.0,10.7
26,Drôme,2021,4,87453,74335,13118,6.4,9505,950,95.06,-14.01899480887211,-4.2000003,0.0,Fortement négative,Auvergne-Rhône-Alpes,85.0,9.2
26,Drôme,2022,4,96008,81607,14401,8.8,9505,950,95.06,9.782397402033084,2.4,0.0,Forte positive,Auvergne-Rhône-Alpes,85.0,10.1
26,Drôme,2023,4,86502,73527,12975,12.3,9505,950,95.06,-9.901258228480959,3.5,0.0,Fortement négative,Auvergne-Rhône-Alpes,85.0,9.1
27,Eure,2019,4,105359,89555,15803,9.5,11329,1132,113.29,,,,,Autre,85.0,9.3
27,Eure,2020,4,121220,103037,18183,12.1,11329,1132,113.29,15.054243111646848,2.6000004,0.0,Forte positive,Autre,85.0,10.7
27,Eure,2021,4,104226,88592,15634,5.2,11329,1132,113.29,-14.019138755980865,-6.9000006,0.0,Fortement négative,Autre,85.0,9.2
27,Eure,2022,4,120087,102074,18013,12.9,11329,1132,113.29,15.217891888780155,7.7,0.0,Forte positive,Autre,85.0,10.6
27,Eure,2023,4,106492,90518,15973,12.9,11329,1132,113.29,-11.320958971412399,0.0,0.0,Fortement négative,Autre,85.0,9.4
28,Eure-et-Loir,2019,4,90646,77049,13596,12.8,10071,1007,100.72,,,,,Autre,85.0,9.0
28,Eure-et-Loir,2020,4,104746,89034,15712,6.4,10071,1007,100.72,15.555016216931804,-6.4,0.0,Forte positive,Autre,85.0,10.4
28,Eure-et-Loir,2021,4,108775,92459,16316,8.0,10071,1007,100.72,3.846447597044289,1.5999999,0.0,Positive,Autre,85.0,10.8
28,Eure-et-Loir,2022,4,100718,85610,15107,8.1,10071,1007,100.72,-7.407032866007812,0.10000038,0.0,Fortement négative,Autre,85.0,10.0
28,Eure-et-Loir,2023,4,96689,82185,14503,11.3,10071,1007,100.72,-4.000278003931768,3.1999998,0.0,Négative,Autre,85.0,9.6
29,Finistère,2019,4,125671,106820,18850,11.2,12083,1208,120.84,,,,,Autre,85.0,10.4
29,Finistère,2020,4,128088,108875,19213,9.9,12083,1208,120.84,1.9232758552092388,-1.3000002,0.0,Positive,Autre,85.0,10.6
29,Finistère,2021,4,108754,92441,16313,12.5,12083,1208,120.84,-15.09431016176379,2.6000004,0.0,Fortement négative,Autre,85.0,9.0
29,Finistère,2022,4,114796,97576,17219,9.7,12083,1208,120.84,5.555657722934337,-2.8000002,0.0,Forte positive,Autre,85.0,9.5
29,Finistère,2023,4,116004,98603,17400,6.8,12083,1208,120.84,1.0523014739189485,-2.8999996,0.0,Positive,Autre,85.0,9.6
2A,Corse-du-Sud,2019,4,136325,115877,20448,5.0,13770,1377,137.7,,,,,Autre,85.0,9.9
2A,Corse-du-Sud,2020,4,145965,124070,21894,12.9,13770,1377,137.7,7.071336878782319,7.8999996,0.0,Forte positive,Autre,85.0,10.6
2A,Corse-du-Sud,2021,4,128063,108854,19209,6.5,13770,1377,137.7,-12.264583975610588,-6.3999996,0.0,Fortement négative,Autre,85.0,9.3
2A,Corse-du-Sud,2022,4,141834,120558,21275,6.0,13770,1377,137.7,10.753301109610103,-0.5,0.0,Forte positive,Autre,85.0,10.3
2A,Corse-du-Sud,2023,4,145965,124070,21894,11.7,13770,1377,137.7,2.9125597529506386,5.7,0.0,Positive,Autre,85.0,10.6
2B,Haute-Corse,2019,4,122905,104470,18435,9.2,12802,1280,128.03,,,,,Autre,85.0,9.6
2B,Haute-Corse,2020,4,133148,113175,19972,10.3,12802,1280,128.03,8.334079166836172,1.1000004,0.0,Forte positive,Autre,85.0,10.4
2B,Haute-Corse,2021,4,140829,119705,21124,6.7,12802,1280,128.03,5.7687685883377915,-3.6000004,0.0,Forte positive,Autre,85.0,11.0
2B,Haute-Corse,2022,4,131867,112087,19780,11.7,12802,1280,128.03,-6.363746103430401,5.0,0.0,Fortement négative,Autre,85.0,10.3
2B,Haute-Corse,2023,4,125466,106646,18819,13.0,12802,1280,128.03,-4.854133331311095,1.3000002,0.0,Négative,Autre,85.0,9.8
30,Gard,2019,4,147642,125495,22146,6.6,14334,1433,143.34,,,,,Autre,85.0,10.3
30,Gard,2020,4,141908,120622,21286,6.2,14334,1433,143.34,-3.8837187250240435,-0.4000001,0.0,Négative,Autre,85.0,9.9
30,Gard,2021,4,156242,132806,23436,10.8,14334,1433,143.34,10.100910449023303,4.6000004,0.0,Forte positive,Autre,85.0,10.9
30,Gard,2022,4,149075,126714,22361,9.7,14334,1433,143.34,-4.58711486028085,-1.1000004,0.0,Négative,Autre,85.0,10.4
30,Gard,2023,4,134741,114530,20211,9.9,14334,1433,143.34,-9.615294314942147,0.19999981,0.0,Fortement négative,Autre,85.0,9.4
31,Haute-Garonne,2019,4,76516,65039,11477,12.0,7888,788,78.88,,,,,Autre,85.0,9.7
31,Haute-Garonne,2020,4,81249,69062,12187,5.7,7888,788,78.88,6.185634377123739,-6.3,0.0,Forte positive,Autre,85.0,10.3
31,Haute-Garonne,2021,4,85982,73085,12897,10.2,7888,788,78.88,5.825302465261117,4.5,0.0,Forte positive,Autre,85.0,10.9
31,Haute-Garonne,2022,4,84404,71744,12660,13.0,7888,788,78.88,-1.8352678467586259,2.8000002,0.0,Négative,Autre,85.0,10.7
31,Haute-Garonne,2023,4,74150,63027,11122,7.8,7888,788,78.88,-12.148713331121751,-5.2,0.0,Fortement négative,Autre,85.0,9.4
32,Gers,2019,4,59046,50189,8857,7.0,5518,551,55.18,,,,,Autre,85.0,10.7
32,Gers,2020,4,54080,45968,8112,5.8,5518,551,55.18,-8.410391897842363,-1.1999998,0.0,Fortement négative,Autre,85.0,9.8
32,Gers,2021,4,52976,45030,7946,9.5,5518,551,55.18,-2.0414201183431957,3.6999998,0.0,Négative,Autre,85.0,9.6
32,Gers,2022,4,52976,45030,7946,8.0,5518,551,55.18,0.0,-1.5,0.0,Négative,Autre,85.0,9.6
32,Gers,2023,4,51321,43622,7698,5.6,5518,551,55.18,-3.124056176381762,-2.4,0.0,Négative,Autre,85.0,9.3
33,Gironde,2019,4,127820,108647,19173,5.9,14202,1420,142.02,,,,,Autre,85.0,9.0
33,Gironde,2020,4,154805,131584,23220,10.2,14202,1420,142.02,21.111719605695512,4.2999997,0.0,Forte positive,Autre,85.0,10.9
33,Gironde,2021,4,129240,109854,19386,6.9,14202,1420,142.02,-16.51432447272375,-3.2999997,0.0,Fortement négative,Autre,85.0,9.1
33,Gironde,2022,4,130661,111061,19599,12.1,14202,1420,142.02,1.099504797276385,5.2000003,0.0,Positive,Autre,85.0,9.2
33,Gironde,2023,4,140602,119512,21090,10.1,14202,1420,142.02,7.608238112367127,-2.0,0.0,Forte positive,Autre,85.0,9.9
34,Hérault,2019,4,120211,102179,18031,12.4,12266,1226,122.67,,,,,Autre,85.0,9.8
34,Hérault,2020,4,117758,100094,17663,6.2,12266,1226,122.67,-2.04057864920848,-6.2,0.0,Négative,Autre,85.0,9.6
34,Hérault,2021,4,114078,96966,17111,12.2,12266,1226,122.67,-3.1250530749503236,6.0,0.0,Négative,Autre,85.0,9.3
34,Hérault,2022,4,120211,102179,18031,6.4,12266,1226,122.67,5.3761461456196535,-5.7999997,0.0,Forte positive,Autre,85.0,9.8
34,Hérault,2023,4,114078,96966,17111,6.2,12266,1226,122.67,-5.101862558334924,-0.20000029,0.0,Fortement négative,Autre,85.0,9.3
35,Ille-et-Vilaine,2019,4,71769,61004,10765,12.3,6770,677,67.71,,,,,Autre,85.0,10.6
35,Ille-et-Vilaine,2020,4,61613,52371,9242,9.9,6770,677,67.71,-14.150956541125003,-2.4000006,0.0,Fortement négative,Autre,85.0,9.1
35,Ille-et-Vilaine,2021,4,72446,61579,10866,9.4,6770,677,67.71,17.58232840471978,-0.5,0.0,Forte positive,Autre,85.0,10.7
35,Ille-et-Vilaine,2022,4,73800,62730,11070,7.8,6770,677,67.71,1.8689782734726545,-1.5999994,0.0,Positive,Autre,85.0,10.9
35,Ille-et-Vilaine,2023,4,62290,52946,9343,10.3,6770,677,67.71,-15.596205962059617,2.5,0.0,Fortement négative,Autre,85.0,9.2
36,Indre,2019,4,123776,105209,18566,6.6,13167,1316,131.68,,,,,Autre,85.0,9.4
36,Indre,2020,4,125093,106329,18763,8.5,13167,1316,131.68,1.0640188728024746,1.9000001,0.0,Positive,Autre,85.0,9.5
36,Indre,2021,4,129043,109686,19356,10.6,13167,1316,131.68,3.1576507078733496,2.1000004,0.0,Positive,Autre,85.0,9.8
36,Indre,2022,4,134310,114163,20146,7.4,13167,1316,131.68,4.081585208031435,-3.2000003,0.0,Positive,Autre,85.0,10.2
36,Indre,2023,4,139577,118640,20936,8.7,13167,1316,131.68,3.9215248306157413,1.2999997,0.0,Positive,Autre,85.0,10.6
37,Indre-et-Loire,2019,4,57361,48757,8604,12.7,5360,536,53.61,,,,,Autre,85.0,10.7
37,Indre-et-Loire,2020,4,54681,46479,8202,11.0,5360,536,53.61,-4.672164013877023,-1.6999998,0.0,Négative,Autre,85.0,10.2
37,Indre-et-Loire,2021,4,50392,42833,7558,5.7,5360,536,53.61,-7.843675133958783,-5.3,0.0,Fortement négative,Autre,85.0,9.4
37,Indre-et-Loire,2022,4,52536,44656,7880,8.2,5360,536,53.61,4.254643594221297,2.5,0.0,Positive,Autre,85.0,9.8
37,Indre-et-Loire,2023,4,52536,44656,7880,10.9,5360,536,53.61,0.0,2.6999998,0.0,Négative,Autre,85.0,9.8
38,Isère,2019,4,93599,79559,14039,10.3,8747,874,87.48,,,,,Auvergne-Rhône-Alpes,85.0,10.7
38,Isère,2020,4,95348,81046,14302,12.9,8747,874,87.48,1.8686097073686625,2.5999994,0.0,Positive,Auvergne-Rhône-Alpes,85.0,10.9
38,Isère,2021,4,84851,72123,12727,10.5,8747,874,87.48,-11.009145446155133,-2.3999996,0.0,Fortement négative,Auvergne-Rhône-Alpes,85.0,9.7
38,Isère,2022,4,81352,69149,12202,5.3,8747,874,87.48,-4.123699190345431,-5.2,0.0,Négative,Auvergne-Rhône-Alpes,85.0,9.3
38,Isère,2023,4,79603,67662,11940,12.0,8747,874,87.48,-2.149916412626607,6.7,0.0,Négative,Auvergne-Rhône-Alpes,85.0,9.1
39,Jura,2019,4,109052,92694,16357,5.5,10797,1079,107.97,,,,,Autre,85.0,10.1
39,Jura,2020,4,111212,94530,16681,10.8,10797,1079,107.97,1.9807064519678619,5.3,0.0,Positive,Autre,85.0,10.3
39,Jura,2021,4,112291,95448,16843,10.9,10797,1079,107.97,0.9702190411106759,0.09999943,0.0,Positive,Autre,85.0,10.4
39,Jura,2022,4,97175,82599,14576,11.0,10797,1079,107.97,-13.461452832373034,0.10000038,0.0,Fortement négative,Autre,85.0,9.0
39,Jura,2023,4,115531,98201,17329,10.0,10797,1079,107.97,18.889632107023413,-1.0,0.0,Forte positive,Autre,85.0,10.7
40,Landes,2019,4,106339,90388,15950,5.6,10425,1042,104.25,,,,,Autre,85.0,10.2
40,Landes,2020,4,106339,90388,15950,5.3,10425,1042,104.25,0.0,-0.2999997,0.0,Négative,Autre,85.0,10.2
40,Landes,2021,4,109466,93046,16420,5.3,10425,1042,104.25,2.940595642238497,0.0,0.0,Positive,Autre,85.0,10.5
40,Landes,2022,4,97998,83298,14699,12.0,10425,1042,104.25,-10.476312279611932,6.7,0.0,Fortement négative,Autre,85.0,9.4
40,Landes,2023,4,94871,80640,14230,12.6,10425,1042,104.25,-3.1908814465601343,0.6000004,0.0,Négative,Autre,85.0,9.1
41,Loir-et-Cher,2019,4,149411,127000,22411,6.3,14506,1450,145.06,,,,,Autre,85.0,10.3
41,Loir-et-Cher,2020,4,153763,130699,23064,7.8,14506,1450,145.06,2.9127708133939167,1.5,0.0,Positive,Autre,85.0,10.6
41,Loir-et-Cher,2021,4,150862,128233,22629,11.8,14506,1450,145.06,-1.8866697449971714,4.0,0.0,Négative,Autre,85.0,10.4
41,Loir-et-Cher,2022,4,158115,134398,23717,6.3,14506,1450,145.06,4.807705054950873,-5.5,0.0,Positive,Autre,85.0,10.9
41,Loir-et-Cher,2023,4,145060,123301,21759,6.0,14506,1450,145.06,-8.256648641811337,-0.3000002,0.0,Fortement négative,Autre,85.0,10.0
42,Loire,2019,4,124230,105595,18634,7.0,13076,1307,130.77,,,,,Auvergne-Rhône-Alpes,85.0,9.5
42,Loire,2020,4,125538,106707,18830,12.5,13076,1307,130.77,1.0528857763825172,5.5,0.0,Positive,Auvergne-Rhône-Alpes,85.0,9.6
42,Loire,2021,4,125538,106707,18830,5.9,13076,1307,130.77,0.0,-6.6,0.0,Négative,Auvergne-Rhône-Alpes,85.0,9.6
42,Loire,2022,4,139922,118934,20988,7.0,13076,1307,130.77,11.457885261833066,1.0999999,0.0,Forte positive,Auvergne-Rhône-Alpes,85.0,10.7
42,Loire,2023,4,124230,105595,18634,9.7,13076,1307,130.77,-11.214819685253207,2.6999998,0.0,Fortement négative,Auvergne-Rhône-Alpes,85.0,9.5
43,Haute-Loire,2019,4,68086,57873,10212,11.5,6947,694,69.48,,,,,Auvergne-Rhône-Alpes,85.0,9.8
43,Haute-Loire,2020,4,63917,54330,9587,8.2,6947,694,69.48,-6.123138383808713,-3.3000002,0.0,Fortement négative,Auvergne-Rhône-Alpes,85.0,9.2
43,Haute-Loire,2021,4,68781,58464,10317,8.9,6947,694,69.48,7.609869048922824,0.6999998,0.0,Forte positive,Auvergne-Rhône-Alpes,85.0,9.9
43,Haute-Loire,2022,4,71560,60826,10734,9.9,6947,694,69.48,4.040359983134878,1.0,0.0,Positive,Auvergne-Rhône-Alpes,85.0,10.3
43,Haute-Loire,2023,4,73644,62597,11046,10.5,6947,694,69.48,2.9122414756847403,0.6000004,0.0,Positive,Auvergne-Rhône-Alpes,85.0,10.6
44,Loire-Atlantique,2019,4,69349,58946,10402,11.7,6934,693,69.35,,,,,Autre,85.0,10.0
44,Loire-Atlantique,2020,4,62414,53051,9362,10.4,6934,693,69.35,-10.000144198185989,-1.3000002,0.0,Fortement négative,Autre,85.0,9.0
44,Loire-Atlantique,2021,4,71429,60715,10714,12.3,6934,693,69.35,14.443874771685849,1.9000006,0.0,Forte positive,Autre,85.0,10.3
44,Loire-Atlantique,2022,4,62414,53051,9362,11.9,6934,693,69.35,-12.620924274454348,-0.40000057,0.0,Fortement négative,Autre,85.0,9.0
44,Loire-Atlantique,2023,4,62414,53051,9362,10.7,6934,693,69.35,0.0,-1.1999998,0.0,Négative,Autre,85.0,9.0
45,Loiret,2019,4,107963,91769,16194,11.4,11485,1148,114.86,,,,,Autre,85.0,9.4
45,Loiret,2020,4,106815,90792,16022,8.3,11485,1148,114.86,-1.0633272510026548,-3.0999994,0.0,Négative,Autre,85.0,9.3
45,Loiret,2021,4,124043,105436,18606,8.9,11485,1148,114.86,16.128820858493654,0.5999994,0.0,Forte positive,Autre,85.0,10.8
45,Loiret,2022,4,118300,100555,17745,12.0,11485,1148,114.86,-4.629846101755042,3.1000004,0.0,Négative,Autre,85.0,10.3
45,Loiret,2023,4,121746,103484,18261,8.7,11485,1148,114.86,2.9129332206255354,-3.3000002,0.0,Positive,Autre,85.0,10.6
46,Lot,2019,4,132884,112952,19932,12.2,14288,1428,142.89,,,,,Autre,85.0,9.3
46,Lot,2020,4,138600,117810,20790,8.1,14288,1428,142.89,4.301496041660391,-4.0999994,0.0,Positive,Autre,85.0,9.7
46,Lot,2021,4,155746,132384,23362,12.3,14288,1428,142.89,12.370851370851366,4.2,0.0,Forte positive,Autre,85.0,10.9
46,Lot,2022,4,152889,129955,22933,5.2,14288,1428,142.89,-1.834397031063395,-7.1000004,0.0,Négative,Autre,85.0,10.7
46,Lot,2023,4,140029,119024,21004,5.5,14288,1428,142.89,-8.411331096416353,0.3000002,0.0,Fortement négative,Autre,85.0,9.8
47,Lot-et-Garonne,2019,4,79858,67879,11978,11.3,7605,760,76.06,,,,,Autre,85.0,10.5
47,Lot-et-Garonne,2020,4,80619,68526,12092,5.4,7605,760,76.06,0.9529414711112238,-5.9,0.0,Positive,Autre,85.0,10.6
47,Lot-et-Garonne,2021,4,70732,60122,10609,9.5,7605,760,76.06,-12.26385839566355,4.1,0.0,Fortement négative,Autre,85.0,9.3
47,Lot-et-Garonne,2022,4,80619,68526,12092,8.1,7605,760,76.06,13.978114573319012,-1.3999996,0.0,Forte positive,Autre,85.0,10.6
47,Lot-et-Garonne,2023,4,76056,64647,11408,12.6,7605,760,76.06,-5.6599560897555135,4.5,0.0,Fortement négative,Autre,85.0,10.0
48,Lozère,2019,4,103884,88301,15582,12.7,9444,944,94.44,,,,,Autre,85.0,11.0
48,Lozère,2020,4,103884,88301,15582,12.1,9444,944,94.44,0.0,-0.5999994,0.0,Négative,Autre,85.0,11.0
48,Lozère,2021,4,96328,81879,14449,5.6,9444,944,94.44,-7.273497362442727,-6.5000005,0.0,Fortement négative,Autre,85.0,10.2
48,Lozère,2022,4,99162,84287,14874,12.2,9444,944,94.44,2.942031392741473,6.6,0.0,Positive,Autre,85.0,10.5
48,Lozère,2023,4,93495,79471,14024,8.6,9444,944,94.44,-5.714890784776427,-3.5999994,0.0,Fortement négative,Autre,85.0,9.9
49,Maine-et-Loire,2019,4,59288,50395,8893,9.7,6444,644,64.44,,,,,Autre,85.0,9.2
49,Maine-et-Loire,2020,4,67666,57516,10149,7.1,6444,644,64.44,14.131021454594528,-2.6,0.0,Forte positive,Autre,85.0,10.5
49,Maine-et-Loire,2021,4,58644,49847,8796,5.4,6444,644,64.44,-13.333136287057012,-1.6999998,0.0,Fortement négative,Autre,85.0,9.1
49,Maine-et-Loire,2022,4,63799,54229,9569,8.0,6444,644,64.44,8.790328081304132,2.6,0.0,Forte positive,Autre,85.0,9.9
49,Maine-et-Loire,2023,4,58644,49847,8796,9.0,6444,644,64.44,-8.080063950845629,1.0,0.0,Fortement négative,Autre,85.0,9.1
50,Manche,2019,4,55548,47216,8332,5.1,5726,572,57.27,,,,,Autre,85.0,9.7
50,Manche,2020,4,57267,48676,8590,5.1,5726,572,57.27,3.0946208684381027,0.0,0.0,Positive,Autre,85.0,10.0
50,Manche,2021,4,54976,46729,8246,12.5,5726,572,57.27,-4.000558786037334,7.4,0.0,Négative,Autre,85.0,9.6
50,Manche,2022,4,58412,49650,8761,8.3,5726,572,57.27,6.25,-4.2,0.0,Forte positive,Autre,85.0,10.2
50,Manche,2023,4,58985,50137,8847,10.8,5726,572,57.27,0.9809628158597539,2.5,0.0,Positive,Autre,85.0,10.3
51,Marne,2019,4,66296,56351,9944,11.2,7206,720,72.06,,,,,Autre,85.0,9.2
51,Marne,2020,4,64854,55126,9728,8.0,7206,720,72.06,-2.1750935199710386,-3.1999998,0.0,Négative,Autre,85.0,9.0
51,Marne,2021,4,72781,61864,10917,10.3,7206,720,72.06,12.222838992197872,2.3000002,0.0,Forte positive,Autre,85.0,10.1
51,Marne,2022,4,77105,65539,11565,13.0,7206,720,72.06,5.941111004245614,2.6999998,0.0,Forte positive,Autre,85.0,10.7
51,Marne,2023,4,68457,58189,10268,10.0,7206,720,72.06,-11.215874456909415,-3.0,0.0,Fortement négative,Autre,85.0,9.5
52,Haute-Marne,2019,4,74977,63730,11246,11.2,7423,742,74.23,,,,,Autre,85.0,10.1
52,Haute-Marne,2020,4,66811,56789,10021,8.9,7423,742,74.23,-10.89134001093669,-2.3000002,0.0,Fortement négative,Autre,85.0,9.0
52,Haute-Marne,2021,4,75719,64361,11357,6.8,7423,742,74.23,13.333133765397909,-2.0999994,0.0,Forte positive,Autre,85.0,10.2
52,Haute-Marne,2022,4,72007,61206,10801,6.0,7423,742,74.23,-4.902336269628494,-0.8000002,0.0,Négative,Autre,85.0,9.7
52,Haute-Marne,2023,4,72750,61837,10912,9.1,7423,742,74.23,1.031844126265491,3.1000004,0.0,Positive,Autre,85.0,9.8
53,Mayenne,2019,4,54660,46461,8199,12.5,5358,535,53.59,,,,,Autre,85.0,10.2
53,Mayenne,2020,4,53589,45550,8038,9.6,5358,535,53.59,-1.9593852908891374,-2.8999996,0.0,Négative,Autre,85.0,10.0
53,Mayenne,2021,4,53589,45550,8038,7.2,5358,535,53.59,0.0,-2.4000006,0.0,Négative,Autre,85.0,10.0
53,Mayenne,2022,4,53053,45095,7957,6.5,5358,535,53.59,-1.0002052660060823,-0.6999998,0.0,Négative,Autre,85.0,9.9
53,Mayenne,2023,4,49301,41906,7395,5.5,5358,535,53.59,-7.072173109908963,-1.0,0.0,Fortement négative,Autre,85.0,9.2
54,Meurthe-et-Moselle,2019,4,94428,80263,14164,12.9,9442,944,94.43,,,,,Autre,85.0,10.0
54,Meurthe-et-Moselle,2020,4,88762,75447,13314,6.9,9442,944,94.43,-6.000338882534839,-5.9999995,0.0,Fortement négative,Autre,85.0,9.4
54,Meurthe-et-Moselle,2021,4,103870,88290,15580,12.7,9442,944,94.43,17.02079718798586,5.7999997,0.0,Forte positive,Autre,85.0,11.0
54,Meurthe-et-Moselle,2022,4,99149,84276,14872,11.6,9442,944,94.43,-4.545104457494942,-1.0999994,0.0,Négative,Autre,85.0,10.5
54,Meurthe-et-Moselle,2023,4,100093,85079,15014,10.8,9442,944,94.43,0.9521023913503956,-0.8000002,0.0,Positive,Autre,85.0,10.6
55,Meuse,2019,4,108101,91886,16215,8.9,10009,1000,100.09,,,,,Autre,85.0,10.8
55,Meuse,2020,4,92086,78273,13812,5.2,10009,1000,100.09,-14.814849076326764,-3.6999998,0.0,Fortement négative,Autre,85.0,9.2
55,Meuse,2021,4,90084,76571,13512,7.4,10009,1000,100.09,-2.1740546880090306,2.2000003,0.0,Négative,Autre,85.0,9.0
55,Meuse,2022,4,107100,91035,16065,10.6,10009,1000,100.09,18.88903689889436,3.2000003,0.0,Forte positive,Autre,85.0,10.7
55,Meuse,2023,4,99093,84229,14863,5.0,10009,1000,100.09,-7.476190476190481,-5.6000004,0.0,Fortement négative,Autre,85.0,9.9
56,Morbihan,2019,4,98767,83952,14815,12.3,10853,1085,108.54,,,,,Autre,85.0,9.1
56,Morbihan,2020,4,107450,91333,16117,11.0,10853,1085,108.54,8.791397936557765,-1.3000002,0.0,Forte positive,Autre,85.0,9.9
56,Morbihan,2021,4,98767,83952,14815,7.2,10853,1085,108.54,-8.080967892042812,-3.8000002,0.0,Fortement négative,Autre,85.0,9.1
56,Morbihan,2022,4,100938,85797,15140,8.3,10853,1085,108.54,2.198102605121144,1.1000004,0.0,Positive,Autre,85.0,9.3
56,Morbihan,2023,4,111792,95023,16768,11.4,10853,1085,108.54,10.75313558818285,3.0999994,0.0,Forte positive,Autre,85.0,10.3
57,Moselle,2019,4,51030,43375,7654,10.6,5052,505,50.52,,,,,Autre,85.0,10.1
57,Moselle,2020,4,50019,42516,7502,7.1,5052,505,50.52,-1.9811875367430898,-3.5000005,0.0,Négative,Autre,85.0,9.9
57,Moselle,2021,4,45472,38651,6820,5.6,5052,505,50.52,-9.090545592674781,-1.5,0.0,Fortement négative,Autre,85.0,9.0
57,Moselle,2022,4,50019,42516,7502,11.0,5052,505,50.52,9.999560168895139,5.4,0.0,Forte positive,Autre,85.0,9.9
57,Moselle,2023,4,48504,41228,7275,11.3,5052,505,50.52,-3.0288490373657995,0.3000002,0.0,Négative,Autre,85.0,9.6
58,Nièvre,2019,4,117009,99457,17551,12.7,11939,1193,119.4,,,,,Autre,85.0,9.8
58,Nièvre,2020,4,108651,92353,16297,6.9,11939,1193,119.4,-7.143040278952906,-5.7999997,0.0,Fortement négative,Autre,85.0,9.1
58,Nièvre,2021,4,117009,99457,17551,8.8,11939,1193,119.4,7.692520087251853,1.9000001,0.0,Forte positive,Autre,85.0,9.8
58,Nièvre,2022,4,115815,98442,17372,8.4,11939,1193,119.4,-1.0204343255647008,-0.40000057,0.0,Négative,Autre,85.0,9.7
58,Nièvre,2023,4,107457,91338,16118,11.6,11939,1193,119.4,-7.216681776971889,3.2000008,0.0,Fortement négative,Autre,85.0,9.0
59,Nord,2019,4,74930,63690,11239,7.5,8234,823,82.34,,,,,Autre,85.0,9.1
59,Nord,2020,4,83987,71389,12598,6.8,8234,823,82.34,12.08728146269853,-0.6999998,0.0,Forte positive,Autre,85.0,10.2
59,Nord,2021,4,74106,62990,11116,8.0,8234,823,82.34,-11.764915998904591,1.1999998,0.0,Fortement négative,Autre,85.0,9.0
59,Nord,2022,4,79047,67190,11857,8.3,8234,823,82.34,6.667476317707077,0.3000002,0.0,Forte positive,Autre,85.0,9.6
59,Nord,2023,4,78223,66490,11733,8.8,8234,823,82.34,-1.0424178020671193,0.5,0.0,Négative,Autre,85.0,9.5
60,Oise,2019,4,55759,47395,8363,5.8,5689,568,56.9,,,,,Autre,85.0,9.8
60,Oise,2020,4,55759,47395,8363,6.1,5689,568,56.9,0.0,0.2999997,0.0,Négative,Autre,85.0,9.8
60,Oise,2021,4,55190,46911,8278,8.7,5689,568,56.9,-1.020463064258681,2.6,0.0,Négative,Autre,85.0,9.7
60,Oise,2022,4,51207,43526,7681,11.3,5689,568,56.9,-7.216887117231385,2.6000004,0.0,Fortement négative,Autre,85.0,9.0
60,Oise,2023,4,59741,50780,8961,12.8,5689,568,56.9,16.665690237662822,1.5,0.0,Forte positive,Autre,85.0,10.5
61,Orne,2019,4,123220,104737,18483,8.2,11848,1184,118.48,,,,,Autre,85.0,10.4
61,Orne,2020,4,107817,91645,16172,8.1,11848,1184,118.48,-12.500405778282742,-0.09999943,0.0,Fortement négative,Autre,85.0,9.1
61,Orne,2021,4,116111,98694,17416,12.7,11848,1184,118.48,7.692664422122664,4.5999994,0.0,Forte positive,Autre,85.0,9.8
61,Orne,2022,4,124405,105744,18660,11.6,11848,1184,118.48,7.143164730301188,-1.0999994,0.0,Forte positive,Autre,85.0,10.5
61,Orne,2023,4,116111,98694,17416,9.4,11848,1184,118.48,-6.666934608737596,-2.2000008,0.0,Fortement négative,Autre,85.0,9.8
62,Pas-de-Calais,2019,4,109759,93295,16463,11.0,11433,1143,114.33,,,,,Autre,85.0,9.6
62,Pas-de-Calais,2020,4,105186,89408,15777,8.2,11433,1143,114.33,-4.166400932953107,-2.8000002,0.0,Négative,Autre,85.0,9.2
62,Pas-de-Calais,2021,4,114333,97183,17149,6.0,11433,1143,114.33,8.696024185728145,-2.1999998,0.0,Forte positive,Autre,85.0,10.0
62,Pas-de-Calais,2022,4,112046,95239,16806,12.1,11433,1143,114.33,-2.0002973769602805,6.1000004,0.0,Négative,Autre,85.0,9.8
62,Pas-de-Calais,2023,4,122336,103985,18350,11.8,11433,1143,114.33,9.183728111668433,-0.3000002,0.0,Forte positive,Autre,85.0,10.7
63,Puy-de-Dôme,2019,4,153929,130839,23089,12.4,14800,1480,148.01,,,,,Auvergne-Rhône-Alpes,85.0,10.4
63,Puy-de-Dôme,2020,4,133208,113226,19981,11.0,14800,1480,148.01,-13.461401035542364,-1.3999996,0.0,Fortement négative,Auvergne-Rhône-Alpes,85.0,9.0
63,Puy-de-Dôme,2021,4,156889,133356,23533,6.0,14800,1480,148.01,17.77746081316438,-5.0,0.0,Forte positive,Auvergne-Rhône-Alpes,85.0,10.6
63,Puy-de-Dôme,2022,4,155409,132098,23311,6.8,14800,1480,148.01,-0.9433421081146531,0.8000002,0.0,Négative,Auvergne-Rhône-Alpes,85.0,10.5
63,Puy-de-Dôme,2023,4,159849,135872,23977,8.6,14800,1480,148.01,2.8569773951315547,1.8000002,0.0,Positive,Auvergne-Rhône-Alpes,85.0,10.8
64,Pyrénées-Atlantiques,2019,4,118701,100895,17805,6.4,12902,1290,129.02,,,,,Autre,85.0,9.2
64,Pyrénées-Atlantiques,2020,4,138054,117346,20708,6.1,12902,1290,129.02,16.30399069932014,-0.3000002,0.0,Forte positive,Autre,85.0,10.7
64,Pyrénées-Atlantiques,2021,4,134183,114056,20127,9.7,12902,1290,129.02,-2.8039752560592213,3.6,0.0,Négative,Autre,85.0,10.4
64,Pyrénées-Atlantiques,2022,4,140635,119539,21095,12.3,12902,1290,129.02,4.808358733967788,2.6000004,0.0,Positive,Autre,85.0,10.9
64,Pyrénées-Atlantiques,2023,4,139344,118443,20901,8.9,12902,1290,129.02,-0.9179791659259751,-3.4000006,0.0,Négative,Autre,85.0,10.8
65,Hautes-Pyrénées,2019,4,81410,69198,12211,8.3,7981,798,79.81,,,,,Autre,85.0,10.2
65,Hautes-Pyrénées,2020,4,75823,64449,11373,10.3,7981,798,79.81,-6.862793268640221,2.0,0.0,Fortement négative,Autre,85.0,9.5
65,Hautes-Pyrénées,2021,4,79814,67841,11972,8.7,7981,798,79.81,5.263574377167868,-1.6000004,0.0,Forte positive,Autre,85.0,10.0
65,Hautes-Pyrénées,2022,4,82208,69877,12331,11.7,7981,798,79.81,2.999473776530426,3.0,0.0,Positive,Autre,85.0,10.3
65,Hautes-Pyrénées,2023,4,86997,73947,13049,10.8,7981,798,79.81,5.825467107824056,-0.8999996,0.0,Forte positive,Autre,85.0,10.9
66,Pyrénées-Orientales,2019,4,127076,108014,19061,8.9,11766,1176,117.66,,,,,Autre,85.0,10.8
66,Pyrénées-Orientales,2020,4,115309,98013,17296,9.1,11766,1176,117.66,-9.259813025276209,0.20000076,0.0,Fortement négative,Autre,85.0,9.8
66,Pyrénées-Orientales,2021,4,115309,98013,17296,11.5,11766,1176,117.66,0.0,2.3999996,0.0,Négative,Autre,85.0,9.8
66,Pyrénées-Orientales,2022,4,129429,110014,19414,11.8,11766,1176,117.66,12.245358124691052,0.3000002,0.0,Forte positive,Autre,85.0,11.0
66,Pyrénées-Orientales,2023,4,112956,96013,16943,6.5,11766,1176,117.66,-12.72744129986324,-5.3,0.0,Fortement négative,Autre,85.0,9.6
67,Bas-Rhin,2019,4,121279,103087,18191,11.6,11229,1122,112.3,,,,,Autre,85.0,10.8
67,Bas-Rhin,2020,4,105558,89724,15833,12.3,11229,1122,112.3,-12.962672845257629,0.6999998,0.0,Fortement négative,Autre,85.0,9.4
67,Bas-Rhin,2021,4,122402,104042,18360,9.0,11229,1122,112.3,15.957104151272294,-3.3000002,0.0,Forte positive,Autre,85.0,10.9
67,Bas-Rhin,2022,4,119033,101178,17855,9.6,11229,1122,112.3,-2.752406006437802,0.6000004,0.0,Négative,Autre,85.0,10.6
67,Bas-Rhin,2023,4,119033,101178,17855,6.3,11229,1122,112.3,0.0,-3.3000002,0.0,Négative,Autre,85.0,10.6
68,Haut-Rhin,2019,4,48200,40970,7230,12.4,5073,507,50.74,,,,,Autre,85.0,9.5
68,Haut-Rhin,2020,4,48200,40970,7230,10.3,5073,507,50.74,0.0,-2.0999994,0.0,Négative,Autre,85.0,9.5
68,Haut-Rhin,2021,4,52766,44851,7914,5.5,5073,507,50.74,9.473029045643155,-4.8,0.0,Forte positive,Autre,85.0,10.4
68,Haut-Rhin,2022,4,53273,45282,7991,5.6,5073,507,50.74,0.9608459993177387,0.099999905,0.0,Positive,Autre,85.0,10.5
68,Haut-Rhin,2023,4,48200,40970,7230,10.3,5073,507,50.74,-9.522647494978697,4.7000003,0.0,Fortement négative,Autre,85.0,9.5
69,Rhône,2019,4,71398,60689,10709,11.8,7285,728,72.86,,,,,Auvergne-Rhône-Alpes,85.0,9.8
69,Rhône,2020,4,69213,58831,10381,13.0,7285,728,72.86,-3.060309812599793,1.1999998,0.0,Négative,Auvergne-Rhône-Alpes,85.0,9.5
69,Rhône,2021,4,72856,61927,10928,11.1,7285,728,72.86,5.263462066374824,-1.8999996,0.0,Forte positive,Auvergne-Rhône-Alpes,85.0,10.0
69,Rhône,2022,4,68484,58211,10272,8.7,7285,728,72.86,-6.000878445152081,-2.4000006,0.0,Fortement négative,Auvergne-Rhône-Alpes,85.0,9.4
69,Rhône,2023,4,68484,58211,10272,6.0,7285,728,72.86,0.0,-2.6999998,0.0,Négative,Auvergne-Rhône-Alpes,85.0,9.4
70,Haute-Saône,2019,4,118474,100703,17771,5.7,10869,1086,108.69,,,,,Autre,85.0,10.9
70,Haute-Saône,2020,4,102170,86844,15325,9.0,10869,1086,108.69,-13.761669227003392,3.3000002,0.0,Fortement négative,Autre,85.0,9.4
70,Haute-Saône,2021,4,118474,100703,17771,9.9,10869,1086,108.69,15.957717529607507,0.8999996,0.0,Forte positive,Autre,85.0,10.9
70,Haute-Saône,2022,4,107605,91464,16140,9.8,10869,1086,108.69,-9.174164795651363,-0.09999943,0.0,Fortement négative,Autre,85.0,9.9
70,Haute-Saône,2023,4,108692,92388,16303,9.9,10869,1086,108.69,1.010176107058225,0.09999943,0.0,Positive,Autre,85.0,10.0
71,Saône-et-Loire,2019,4,106824,90800,16023,8.7,11364,1136,113.64,,,,,Autre,85.0,9.4
71,Saône-et-Loire,2020,4,125007,106256,18751,10.0,11364,1136,113.64,17.021455852617386,1.3000002,0.0,Forte positive,Autre,85.0,11.0
71,Saône-et-Loire,2021,4,103415,87902,15512,6.0,11364,1136,113.64,-17.272632732566972,-4.0,0.0,Fortement négative,Autre,85.0,9.1
71,Saône-et-Loire,2022,4,105687,89834,15853,7.4,11364,1136,113.64,2.196973359764054,1.4000001,0.0,Positive,Autre,85.0,9.3
71,Saône-et-Loire,2023,4,105687,89834,15853,10.7,11364,1136,113.64,0.0,3.2999997,0.0,Négative,Autre,85.0,9.3
72,Sarthe,2019,4,129001,109651,19350,7.1,13871,1387,138.71,,,,,Autre,85.0,9.3
72,Sarthe,2020,4,149807,127336,22471,11.0,13871,1387,138.71,16.128557142967882,3.9,0.0,Forte positive,Autre,85.0,10.8
72,Sarthe,2021,4,130388,110830,19558,10.8,13871,1387,138.71,-12.962678646525195,-0.19999981,0.0,Fortement négative,Autre,85.0,9.4
72,Sarthe,2022,4,140098,119083,21014,5.2,13871,1387,138.71,7.447004325551432,-5.6000004,0.0,Forte positive,Autre,85.0,10.1
72,Sarthe,2023,4,151194,128515,22679,6.0,13871,1387,138.71,7.920170166597673,0.8000002,0.0,Forte positive,Autre,85.0,10.9
73,Savoie,2019,4,148833,126508,22324,11.1,14883,1488,148.83,,,,,Auvergne-Rhône-Alpes,85.0,10.0
73,Savoie,2020,4,138414,117652,20762,6.2,14883,1488,148.83,-7.000463606861384,-4.9000006,0.0,Fortement négative,Auvergne-Rhône-Alpes,85.0,9.3
73,Savoie,2021,4,163716,139158,24557,10.3,14883,1488,148.83,18.279942780354585,4.1000004,0.0,Forte positive,Auvergne-Rhône-Alpes,85.0,11.0
73,Savoie,2022,4,141391,120182,21208,6.4,14883,1488,148.83,-13.636419164895308,-3.9,0.0,Fortement négative,Auvergne-Rhône-Alpes,85.0,9.5
73,Savoie,2023,4,162227,137893,24334,10.2,14883,1488,148.83,14.736440084588121,3.7999997,0.0,Forte positive,Auvergne-Rhône-Alpes,85.0,10.9
74,Haute-Savoie,2019,4,109125,92756,16368,8.8,10804,1080,108.05,,,,,Auvergne-Rhône-Alpes,85.0,10.1
74,Haute-Savoie,2020,4,99401,84491,14910,11.5,10804,1080,108.05,-8.910882016036659,2.6999998,0.0,Fortement négative,Auvergne-Rhône-Alpes,85.0,9.2
74,Haute-Savoie,2021,4,118849,101022,17827,8.8,10804,1080,108.05,19.56519552117182,-2.6999998,0.0,Forte positive,Auvergne-Rhône-Alpes,85.0,11.0
74,Haute-Savoie,2022,4,114527,97348,17179,9.0,10804,1080,108.05,-3.6365472153741307,0.19999981,0.0,Négative,Auvergne-Rhône-Alpes,85.0,10.6
74,Haute-Savoie,2023,4,106964,90919,16044,11.6,10804,1080,108.05,-6.603682974320469,2.6000004,0.0,Fortement négative,Auvergne-Rhône-Alpes,85.0,9.9
75,Paris,2019,4,137422,116808,20613,6.4,14465,1446,144.66,,,,,Île-de-France,85.0,9.5
75,Paris,2020,4,144655,122956,21698,7.5,14465,1446,144.66,5.263349390927208,1.0999999,0.0,Forte positive,Île-de-France,85.0,10.0
75,Paris,2021,4,156227,132793,23434,7.4,14465,1446,144.66,7.999723480004151,-0.099999905,0.0,Forte positive,Île-de-France,85.0,10.8
75,Paris,2022,4,130189,110661,19528,7.1,14465,1446,144.66,-16.66677334903698,-0.3000002,0.0,Fortement négative,Île-de-France,85.0,9.0
75,Paris,2023,4,146101,124186,21915,11.5,14465,1446,144.66,12.222230756822782,4.4,0.0,Forte positive,Île-de-France,85.0,10.1
76,Seine-Maritime,2019,4,97733,83073,14660,9.2,9872,987,98.72,,,,,Autre,85.0,9.9
76,Seine-Maritime,2020,4,92797,78878,13919,9.9,9872,987,98.72,-5.050494715193432,0.6999998,0.0,Fortement négative,Autre,85.0,9.4
76,Seine-Maritime,2021,4,101682,86430,15252,8.7,9872,987,98.72,9.574662974018565,-1.1999998,0.0,Forte positive,Autre,85.0,10.3
76,Seine-Maritime,2022,4,107605,91465,16140,12.3,9872,987,98.72,5.825023111268468,3.6000004,0.0,Forte positive,Autre,85.0,10.9
76,Seine-Maritime,2023,4,91810,78038,13771,10.4,9872,987,98.72,-14.678685934668467,-1.9000006,0.0,Fortement négative,Autre,85.0,9.3
77,Seine-et-Marne,2019,4,118722,100913,17808,7.8,13046,1304,130.46,,,,,Île-de-France,85.0,9.1
77,Seine-et-Marne,2020,4,131768,112003,19765,10.6,13046,1304,130.46,10.988696282070709,2.8000002,0.0,Forte positive,Île-de-France,85.0,10.1
77,Seine-et-Marne,2021,4,127854,108676,19178,10.3,13046,1304,130.46,-2.970372169267199,-0.3000002,0.0,Négative,Île-de-France,85.0,9.8
77,Seine-et-Marne,2022,4,121331,103131,18199,8.0,13046,1304,130.46,-5.101913119652101,-2.3000002,0.0,Fortement négative,Île-de-France,85.0,9.3
77,Seine-et-Marne,2023,4,122636,104240,18395,6.6,13046,1304,130.46,1.0755701345904978,-1.4000001,0.0,Positive,Île-de-France,85.0,9.4
78,Yvelines,2019,4,110645,94048,16596,10.4,10847,1084,108.48,,,,,Île-de-France,85.0,10.2
78,Yvelines,2020,4,111730,94970,16759,8.4,10847,1084,108.48,0.9806136743639504,-2.0,0.0,Positive,Île-de-France,85.0,10.3
78,Yvelines,2021,4,109560,93126,16434,12.1,10847,1084,108.48,-1.9421820460037598,3.7000008,0.0,Négative,Île-de-France,85.0,10.1
78,Yvelines,2022,4,106306,90360,15945,10.9,10847,1084,108.48,-2.9700620664476096,-1.2000008,0.0,Négative,Île-de-France,85.0,9.8
78,Yvelines,2023,4,100882,85750,15132,5.0,10847,1084,108.48,-5.10225198953963,-5.8999996,0.0,Fortement négative,Île-de-France,85.0,9.3
79,Deux-Sèvres,2019,4,88527,75248,13279,12.1,9318,931,93.19,,,,,Autre,85.0,9.5
79,Deux-Sèvres,2020,4,90391,76832,13558,9.9,9318,931,93.19,2.1055723112722635,-2.2000008,0.0,Positive,Autre,85.0,9.7
79,Deux-Sèvres,2021,4,83868,71288,12580,5.9,9318,931,93.19,-7.216426414134148,-3.9999995,0.0,Fortement négative,Autre,85.0,9.0
79,Deux-Sèvres,2022,4,97846,83169,14676,5.3,9318,931,93.19,16.666666666666675,-0.5999999,0.0,Forte positive,Autre,85.0,10.5
79,Deux-Sèvres,2023,4,90391,76832,13558,5.4,9318,931,93.19,-7.619115753326655,0.099999905,0.0,Fortement négative,Autre,85.0,9.7
80,Somme,2019,4,150424,127860,22563,7.2,14604,1460,146.04,,,,,Autre,85.0,10.3
80,Somme,2020,4,147503,125377,22125,8.5,14604,1460,146.04,-1.941844386534064,1.3000002,0.0,Négative,Autre,85.0,10.1
80,Somme,2021,4,131438,111722,19715,5.3,14604,1460,146.04,-10.89130390568327,-3.1999998,0.0,Fortement négative,Autre,85.0,9.0
80,Somme,2022,4,137280,116688,20592,6.6,14604,1460,146.04,4.444681142439788,1.2999997,0.0,Positive,Autre,85.0,9.4
80,Somme,2023,4,132899,112964,19934,5.4,14604,1460,146.04,-3.191287878787874,-1.1999998,0.0,Négative,Autre,85.0,9.1
81,Tarn,2019,4,158616,134823,23792,12.2,14686,1468,146.87,,,,,Autre,85.0,10.8
81,Tarn,2020,4,160085,136072,24012,6.6,14686,1468,146.87,0.9261360770666194,-5.6,0.0,Positive,Autre,85.0,10.9
81,Tarn,2021,4,143929,122340,21589,7.6,14686,1468,146.87,-10.09213855139457,1.0,0.0,Fortement négative,Autre,85.0,9.8
81,Tarn,2022,4,151273,128582,22690,10.8,14686,1468,146.87,5.102515823774212,3.2000003,0.0,Forte positive,Autre,85.0,10.3
81,Tarn,2023,4,154210,131078,23131,6.5,14686,1468,146.87,1.9415229419658564,-4.3,0.0,Positive,Autre,85.0,10.5
82,Tarn-et-Garonne,2019,4,58153,49430,8723,6.9,5486,548,54.86,,,,,Autre,85.0,10.6
82,Tarn-et-Garonne,2020,4,54862,46632,8229,5.1,5486,548,54.86,-5.659209327119841,-1.8000002,0.0,Fortement négative,Autre,85.0,10.0
82,Tarn-et-Garonne,2021,4,55410,47099,8311,8.2,5486,548,54.86,0.9988698917283267,3.1,0.0,Positive,Autre,85.0,10.1
82,Tarn-et-Garonne,2022,4,52667,44767,7900,12.2,5486,548,54.86,-4.950369969319612,4.0,0.0,Négative,Autre,85.0,9.6
82,Tarn-et-Garonne,2023,4,54862,46632,8229,6.6,5486,548,54.86,4.167695141169991,-5.6,0.0,Positive,Autre,85.0,10.0
83,Var,2019,4,105633,89788,15845,9.3,11237,1123,112.38,,,,,Autre,85.0,9.4
83,Var,2020,4,116871,99340,17530,10.6,11237,1123,112.38,10.638720854278482,1.3000002,0.0,Forte positive,Autre,85.0,10.4
83,Var,2021,4,101138,85967,15170,8.3,11237,1123,112.38,-13.461851100786337,-2.3000002,0.0,Fortement négative,Autre,85.0,9.0
83,Var,2022,4,110128,93609,16519,5.5,11237,1123,112.38,8.888844944531238,-2.8000002,0.0,Forte positive,Autre,85.0,9.8
83,Var,2023,4,112376,95519,16856,11.1,11237,1123,112.38,2.041261078018297,5.6000004,0.0,Positive,Autre,85.0,10.0
84,Vaucluse,2019,4,122293,103949,18344,6.0,11873,1187,118.73,,,,,Autre,85.0,10.3
84,Vaucluse,2020,4,129417,110005,19412,8.1,11873,1187,118.73,5.825353863262817,2.1000004,0.0,Forte positive,Autre,85.0,10.9
84,Vaucluse,2021,4,110420,93857,16563,8.0,11873,1187,118.73,-14.678906171523066,-0.10000038,0.0,Fortement négative,Autre,85.0,9.3
84,Vaucluse,2022,4,109233,92848,16385,10.0,11873,1187,118.73,-1.074986415504442,2.0,0.0,Négative,Autre,85.0,9.2
84,Vaucluse,2023,4,123481,104959,18522,7.0,11873,1187,118.73,13.043677277013366,-3.0,0.0,Forte positive,Autre,85.0,10.4
85,Vendée,2019,4,145025,123271,21753,10.7,13428,1342,134.28,,,,,Autre,85.0,10.8
85,Vendée,2020,4,134283,114140,20142,8.1,13428,1342,134.28,-7.406998793311503,-2.5999994,0.0,Fortement négative,Autre,85.0,10.0
85,Vendée,2021,4,146368,124413,21955,5.4,13428,1342,134.28,8.999649992925395,-2.7000003,0.0,Forte positive,Autre,85.0,10.9
85,Vendée,2022,4,147711,125554,22156,7.0,13428,1342,134.28,0.9175502842151184,1.5999999,0.0,Positive,Autre,85.0,11.0
85,Vendée,2023,4,134283,114140,20142,6.3,13428,1342,134.28,-9.09072445518614,-0.6999998,0.0,Fortement négative,Autre,85.0,10.0
86,Vienne,2019,4,106647,90650,15997,12.4,10254,1025,102.55,,,,,Autre,85.0,10.4
86,Vienne,2020,4,93316,79319,13997,12.9,10254,1025,102.55,-12.500117209110428,0.5,0.0,Fortement négative,Autre,85.0,9.1
86,Vienne,2021,4,111775,95008,16766,9.9,10254,1025,102.55,19.781173646534356,-3.0,0.0,Forte positive,Autre,85.0,10.9
86,Vienne,2022,4,95367,81062,14305,10.1,10254,1025,102.55,-14.679490046969356,0.20000076,0.0,Fortement négative,Autre,85.0,9.3
86,Vienne,2023,4,98444,83677,14766,5.6,10254,1025,102.55,3.226482955319976,-4.5000005,0.0,Positive,Autre,85.0,9.6
87,Haute-Vienne,2019,4,56228,47794,8434,7.7,5355,535,53.55,,,,,Autre,85.0,10.5
87,Haute-Vienne,2020,4,53015,45063,7952,10.1,5355,535,53.55,-5.714234900761184,2.4000006,0.0,Fortement négative,Autre,85.0,9.9
87,Haute-Vienne,2021,4,49802,42332,7470,7.4,5355,535,53.55,-6.060548901254359,-2.7000003,0.0,Fortement négative,Autre,85.0,9.3
87,Haute-Vienne,2022,4,58906,50070,8835,12.4,5355,535,53.55,18.28039034576925,4.9999995,0.0,Forte positive,Autre,85.0,11.0
87,Haute-Vienne,2023,4,48195,40966,7229,8.0,5355,535,53.55,-18.18320714358469,-4.3999996,0.0,Fortement négative,Autre,85.0,9.0
88,Vosges,2019,4,78008,66307,11701,8.4,8572,857,85.72,,,,,Autre,85.0,9.1
88,Vosges,2020,4,91724,77965,13758,7.3,8572,857,85.72,17.58281201928007,-1.0999994,0.0,Forte positive,Autre,85.0,10.7
88,Vosges,2021,4,81437,69222,12215,8.5,8572,857,85.72,-11.215167240852997,1.1999998,0.0,Fortement négative,Autre,85.0,9.5
88,Vosges,2022,4,80580,68493,12087,11.1,8572,857,85.72,-1.0523472131832023,2.6000004,0.0,Négative,Autre,85.0,9.4
88,Vosges,2023,4,86581,73594,12987,12.1,8572,857,85.72,7.447257383966255,1.0,0.0,Forte positive,Autre,85.0,10.1
89,Yonne,2019,4,121953,103660,18293,9.4,12074,1207,120.75,,,,,Autre,85.0,10.1
89,Yonne,2020,4,132820,112897,19923,6.7,12074,1207,120.75,8.910809902175432,-2.6999998,0.0,Forte positive,Autre,85.0,11.0
89,Yonne,2021,4,109878,93397,16481,10.2,12074,1207,120.75,-17.273001054058124,3.5,0.0,Fortement négative,Autre,85.0,9.1
89,Yonne,2022,4,117123,99555,17568,8.4,12074,1207,120.75,6.59367662316388,-1.8000002,0.0,Forte positive,Autre,85.0,9.7
89,Yonne,2023,4,121953,103660,18293,12.1,12074,1207,120.75,4.123869777925759,3.7000008,0.0,Positive,Autre,85.0,10.1
90,Territoire de Belfort,2019,4,65583,55746,9837,10.1,6429,642,64.3,,,,,Autre,85.0,10.2
90,Territoire de Belfort,2020,4,70727,60118,10609,8.5,6429,642,64.3,7.84349602793406,-1.6000004,0.0,Forte positive,Autre,85.0,11.0
90,Territoire de Belfort,2021,4,59797,50827,8969,7.4,6429,642,64.3,-15.453787096865412,-1.0999999,0.0,Fortement négative,Autre,85.0,9.3
90,Territoire de Belfort,2022,4,64298,54653,9644,8.4,6429,642,64.3,7.527133468234193,0.9999995,0.0,Forte positive,Autre,85.0,10.0
90,Territoire de Belfort,2023,4,67512,57385,10126,5.9,6429,642,64.3,4.998600267504427,-2.4999995,0.0,Positive,Autre,85.0,10.5
91,Essonne,2019,4,131803,112033,19770,9.3,13588,1358,135.88,,,,,Île-de-France,85.0,9.7
91,Essonne,2020,4,145391,123582,21808,10.0,13588,1358,135.88,10.309325280911663,0.6999998,0.0,Forte positive,Île-de-France,85.0,10.7
91,Essonne,2021,4,138597,117807,20789,5.0,13588,1358,135.88,-4.672916480387368,-5.0,0.0,Négative,Île-de-France,85.0,10.2
91,Essonne,2022,4,130444,110878,19566,9.2,13588,1358,135.88,-5.882522709726756,4.2,0.0,Fortement négative,Île-de-France,85.0,9.6
91,Essonne,2023,4,135880,115498,20382,6.9,13588,1358,135.88,4.167305510410602,-2.2999997,0.0,Positive,Île-de-France,85.0,10.0
92,Hauts-de-Seine,2019,4,137120,116552,20568,12.2,13850,1385,138.51,,,,,Île-de-France,85.0,9.9
92,Hauts-de-Seine,2020,4,146816,124793,22022,10.2,13850,1385,138.51,7.071178529754962,-2.0,0.0,Forte positive,Île-de-France,85.0,10.6
92,Hauts-de-Seine,2021,4,152356,129503,22853,12.7,13850,1385,138.51,3.7734306887532654,2.5,0.0,Positive,Île-de-France,85.0,11.0
92,Hauts-de-Seine,2022,4,138506,117730,20775,10.2,13850,1385,138.51,-9.090551077738985,-2.5,0.0,Fortement négative,Île-de-France,85.0,10.0
92,Hauts-de-Seine,2023,4,150971,128325,22645,5.4,13850,1385,138.51,8.999610125193126,-4.7999997,0.0,Forte positive,Île-de-France,85.0,10.9
93,Seine-Saint-Denis,2019,4,132469,112599,19870,7.2,12153,1215,121.53,,,,,Île-de-France,85.0,10.9
93,Seine-Saint-Denis,2020,4,128823,109500,19323,5.1,12153,1215,121.53,-2.752342057387014,-2.1,0.0,Négative,Île-de-France,85.0,10.6
93,Seine-Saint-Denis,2021,4,119101,101236,17865,7.6,12153,1215,121.53,-7.546789005068966,2.5,0.0,Fortement négative,Île-de-France,85.0,9.8
93,Seine-Saint-Denis,2022,4,113024,96071,16953,12.2,12153,1215,121.53,-5.102392087388019,4.6,0.0,Fortement négative,Île-de-France,85.0,9.3
93,Seine-Saint-Denis,2023,4,131254,111566,19688,9.8,12153,1215,121.53,16.129317667044173,-2.3999996,0.0,Forte positive,Île-de-France,85.0,10.8
94,Val-de-Marne,2019,4,58135,49414,8720,8.2,6119,611,61.2,,,,,Île-de-France,85.0,9.5
94,Val-de-Marne,2020,4,58135,49414,8720,6.1,6119,611,61.2,0.0,-2.1,0.0,Négative,Île-de-France,85.0,9.5
94,Val-de-Marne,2021,4,60583,51495,9087,11.9,6119,611,61.2,4.210888449299044,5.7999997,0.0,Positive,Île-de-France,85.0,9.9
94,Val-de-Marne,2022,4,64866,55136,9730,5.7,6119,611,61.2,7.069639998019239,-6.2,0.0,Forte positive,Île-de-France,85.0,10.6
94,Val-de-Marne,2023,4,58747,49935,8812,10.1,6119,611,61.2,-9.433293250701446,4.4000006,0.0,Fortement négative,Île-de-France,85.0,9.6
95,Val-d'Oise,2019,4,151805,129034,22770,8.9,14056,1405,140.56,,,,,Île-de-France,85.0,10.8
95,Val-d'Oise,2020,4,127910,108723,19186,12.0,14056,1405,140.56,-15.740588254668818,3.1000004,0.0,Fortement négative,Île-de-France,85.0,9.1
95,Val-d'Oise,2021,4,154617,131424,23192,10.3,14056,1405,140.56,20.879524665780625,-1.6999998,0.0,Forte positive,Île-de-France,85.0,11.0
95,Val-d'Oise,2022,4,136344,115892,20451,10.8,14056,1405,140.56,-11.818234734860978,0.5,0.0,Fortement négative,Île-de-France,85.0,9.7
95,Val-d'Oise,2023,4,130721,111113,19608,6.5,14056,1405,140.56,-4.12412720765124,-4.3,0.0,Négative,Île-de-France,85.0,9.3
971,Guadeloupe,2019,4,64841,55115,9726,7.0,6616,661,66.17,,,,,Autre,85.0,9.8
971,Guadeloupe,2020,4,66826,56802,10023,8.8,6616,661,66.17,3.061334649373082,1.8000002,0.0,Positive,Autre,85.0,10.1
971,Guadeloupe,2021,4,60871,51741,9130,12.7,6616,661,66.17,-8.911202226678238,3.8999996,0.0,Fortement négative,Autre,85.0,9.2
971,Guadeloupe,2022,4,64841,55115,9726,12.7,6616,661,66.17,6.521989124542071,0.0,0.0,Forte positive,Autre,85.0,9.8
971,Guadeloupe,2023,4,64841,55115,9726,7.6,6616,661,66.17,0.0,-5.1,0.0,Négative,Autre,85.0,9.8
972,Martinique,2019,4,107202,91122,16080,12.5,11527,1152,115.27,,,,,Autre,85.0,9.3
972,Martinique,2020,4,116424,98961,17463,12.7,11527,1152,115.27,8.602451446801362,0.19999981,0.0,Forte positive,Autre,85.0,10.1
972,Martinique,2021,4,109508,93082,16426,12.1,11527,1152,115.27,-5.940355940355946,-0.5999994,0.0,Fortement négative,Autre,85.0,9.5
972,Martinique,2022,4,123341,104839,18501,13.0,11527,1152,115.27,12.631953829857178,0.8999996,0.0,Forte positive,Autre,85.0,10.7
972,Martinique,2023,4,118730,100920,17809,11.4,11527,1152,115.27,-3.7384162606108218,-1.6000004,0.0,Négative,Autre,85.0,10.3
973,Guyane,2019,4,58114,49397,8717,11.6,6457,645,64.57,,,,,Autre,85.0,9.0
973,Guyane,2020,4,70383,59825,10557,11.7,6457,645,64.57,21.11195236948067,0.09999943,0.0,Forte positive,Autre,85.0,10.9
973,Guyane,2021,4,71029,60374,10654,6.1,6457,645,64.57,0.9178352727221117,-5.6,0.0,Positive,Autre,85.0,11.0
973,Guyane,2022,4,59406,50495,8910,7.6,6457,645,64.57,-16.363738754593193,1.5,0.0,Fortement négative,Autre,85.0,9.2
973,Guyane,2023,4,68446,58179,10266,11.7,6457,645,64.57,15.21731811601521,4.1,0.0,Forte positive,Autre,85.0,10.6
974,La Réunion,2019,4,113767,96702,17065,5.6,10835,1083,108.35,,,,,Autre,85.0,10.5
974,La Réunion,2020,4,115934,98544,17390,8.8,10835,1083,108.35,1.904770276090617,3.2000003,0.0,Positive,Autre,85.0,10.7
974,La Réunion,2021,4,105099,89334,15764,6.3,10835,1083,108.35,-9.345834699052913,-2.5,0.0,Fortement négative,Autre,85.0,9.7
974,La Réunion,2022,4,110517,93939,16577,8.3,10835,1083,108.35,5.155139439956602,2.0,0.0,Forte positive,Autre,85.0,10.2
974,La Réunion,2023,4,105099,89334,15764,9.0,10835,1083,108.35,-4.90241320339857,0.6999998,0.0,Négative,Autre,85.0,9.7
976,Mayotte,2019,4,118980,101133,17847,7.5,12266,1226,122.66,,,,,Autre,85.0,9.7
976,Mayotte,2020,4,128793,109474,19318,5.6,12266,1226,122.66,8.247604639435192,-1.9000001,0.0,Forte positive,Autre,85.0,10.5
976,Mayotte,2021,4,112847,95920,16927,6.7,12266,1226,122.66,-12.381107668895053,1.0999999,0.0,Fortement négative,Autre,85.0,9.2
976,Mayotte,2022,4,112847,95920,16927,9.4,12266,1226,122.66,0.0,2.6999998,0.0,Négative,Autre,85.0,9.2
976,Mayotte,2023,4,133699,113644,20054,8.4,12266,1226,122.66,18.478116387675357,-1.0,0.0,Forte positive,Autre,85.0,10.9
